id_filename,id_functionname,1,2,3,4,5,6,7,8,9,10,11,12,13,14,15,16
fileName1,functionName1,asmcode,asmcode,asmcode,asmcode,asmcode,asmcode,asmcode,asmcode,asmcode,asmcode,asmcode,asmcode,asmcode,asmcode,asmcode,0
fileName1,functionName2,asmcode,asmcode,asmcode,asmcode,asmcode,asmcode,asmcode,asmcode,asmcode,asmcode,asmcode,asmcode,asmcode,0,0,0
fileName1,functionName3,asmcode,asmcode,asmcode,asmcode,asmcode,asmcode,asmcode,asmcode,asmcode,asmcode,asmcode,asmcode,0,0,0,0
fileName1,functionName4,asmcode,asmcode,asmcode,asmcode,asmcode,asmcode,asmcode,asmcode,asmcode,asmcode,0,0,0,0,0,0
fileName1,functionName5,asmcode,asmcode,asmcode,asmcode,asmcode,asmcode,asmcode,asmcode,asmcode,asmcode,asmcode,asmcode,asmcode,asmcode,asmcode,asmcode
fileName2,functionName1,asmcode,asmcode,asmcode,asmcode,asmcode,asmcode,asmcode,asmcode,asmcode,asmcode,asmcode,asmcode,asmcode,asmcode,0,0
fileName2,functionName2,asmcode,asmcode,asmcode,asmcode,asmcode,asmcode,asmcode,asmcode,asmcode,asmcode,asmcode,asmcode,asmcode,0,0,0
fileName2,functionName3,asmcode,asmcode,asmcode,asmcode,asmcode,asmcode,asmcode,asmcode,asmcode,asmcode,asmcode,asmcode,0,0,0,0
fileName2,functionName4,asmcode,asmcode,asmcode,asmcode,asmcode,asmcode,asmcode,asmcode,asmcode,asmcode,asmcode,asmcode,0,0,0,0
fileName2,functionName5,asmcode,asmcode,asmcode,asmcode,asmcode,asmcode,asmcode,asmcode,asmcode,0,0,0,0,0,0,0
fileName2,functionName6,asmcode,asmcode,asmcode,asmcode,asmcode,asmcode,asmcode,asmcode,asmcode,asmcode,asmcode,asmcode,asmcode,asmcode,asmcode,asmcode
fileName2,functionName7,asmcode,asmcode,asmcode,asmcode,asmcode,asmcode,asmcode,asmcode,asmcode,asmcode,asmcode,0,0,0,0,0
fileName2,functionName8,asmcode,asmcode,asmcode,asmcode,0,0,0,0,0,0,0,0,0,0,0,0
fileName2,functionName9,asmcode,asmcode,asmcode,asmcode,asmcode,asmcode,asmcode,asmcode,0,0,0,0,0,0,0,0
fileName3,functionName1,asmcode,asmcode,asmcode,asmcode,asmcode,asmcode,asmcode,asmcode,0,0,0,0,0,0,0,0
fileName3,functionName2,asmcode,asmcode,asmcode,asmcode,asmcode,asmcode,asmcode,asmcode,asmcode,asmcode,asmcode,asmcode,0,0,0,0
fileName3,functionName3,asmcode,asmcode,asmcode,asmcode,asmcode,asmcode,asmcode,asmcode,asmcode,asmcode,asmcode,asmcode,asmcode,asmcode,0,0
