,0,1,2,3,4,5,6,7,8,9,10,11,12,13,14,15,16,17,18,19,20,21,22,23,24,25,26,27,28,29,30,31,32,33,34,35,36,37,38,39,40,41,42,43,44,45,46,47,48,49,50,51,52,53,54,55,56,57,58,59,60,61,62,63,64,65,66,67,68,69,70,71,72,73,74,75,76,77,78,79,80,81,82,83,84,85,86,87,88,89,90,91,92,93,94,95,96,97,98,99,100,101,102,103,104,105,106,107,108,109,110,111,112,113,114,115,116,117,118,119,120,121,122,123,124,125
0,0,0,infileELF/syslog_sample,__libc_csu_init,push r15,push r14,"mov r15d, edi",push r13,push r12,"lea r12, [rip + 0x20080e]",push rbp,"lea rbp, [rip + 0x20080e]",push rbx,"mov r14, rsi","mov r13, rdx","sub rbp, r12","sub rsp, 8","sar rbp, 3",call 0x0,"test rbp, rbp",je 0x400516,"xor ebx, ebx",nop dword ptr [rax + rax],"mov rdx, r13","mov rsi, r14","mov edi, r15d",call 0x0,"add rbx, 1","cmp rbx, rbp",jne 0x400500,"add rsp, 8",pop rbx,pop rbp,pop r12,pop r13,pop r14,pop r15,ret ,,,,,,,,,,,,,,,,,,,,,,,,,,,,,,,,,,,,,,,,,,,,,,,,,,,,,,,,,,,,,,,,,,,,,,,,,,,,,,,,,,,,,,,,
1,1,1,infileELF/syslog_sample,_start,"xor ebp, ebp","mov r9, rdx",pop rsi,"mov rdx, rsp","and rsp, 0xfffffffffffffff0",push rax,push rsp,"mov r8, 0x400660","mov rcx, 0x4005f0","mov rdi, 0x4005b6",call 0x0,hlt ,,,,,,,,,,,,,,,,,,,,,,,,,,,,,,,,,,,,,,,,,,,,,,,,,,,,,,,,,,,,,,,,,,,,,,,,,,,,,,,,,,,,,,,,,,,,,,,,,,,,,,,,,,,,,,
2,2,2,infileELF/syslog_sample,main,push rbp,"mov rbp, rsp","mov edx, 8","mov esi, 3","mov edi, 0x400678",call 0x0,"mov esi, 0x400680","mov edi, 6","mov eax, 0",call 0x0,call 0x0,"mov eax, 0",pop rbp,ret ,,,,,,,,,,,,,,,,,,,,,,,,,,,,,,,,,,,,,,,,,,,,,,,,,,,,,,,,,,,,,,,,,,,,,,,,,,,,,,,,,,,,,,,,,,,,,,,,,,,,,,,,,,,,
3,3,3,infileELF/ptrace,my_command,push rbp,"mov rbp, rsp","sub rsp, 0xf0","mov dword ptr [rbp - 0xe4], edi","mov rax, qword ptr fs:[0x28]","mov qword ptr [rbp - 8], rax","xor eax, eax","lea rax, [rbp - 0xe0]","mov edx, 0xd8","mov esi, 0","mov rdi, rax",call 0x0,"lea rdx, [rbp - 0xe0]","mov eax, dword ptr [rbp - 0xe4]","mov rcx, rdx","mov edx, 0","mov esi, eax","mov edi, 0xc","mov eax, 0",call 0x0,"mov rax, qword ptr [rbp - 0x70]","mov rsi, rax","mov edi, 0x400e98","mov eax, 0",call 0x0,nop ,"mov rax, qword ptr [rbp - 8]","xor rax, qword ptr fs:[0x28]",je 0x40076a,call 0x0,leave ,ret ,,,,,,,,,,,,,,,,,,,,,,,,,,,,,,,,,,,,,,,,,,,,,,,,,,,,,,,,,,,,,,,,,,,,,,,,,,,,,,,,,,,,,,,,,,
4,4,4,infileELF/ptrace,p_attach,push rbp,"mov rbp, rsp","sub rsp, 0x20","mov dword ptr [rbp - 0x14], edi","mov rax, qword ptr fs:[0x28]","mov qword ptr [rbp - 8], rax","xor eax, eax","mov eax, dword ptr [rbp - 0x14]","mov ecx, 0","mov edx, 0","mov esi, eax","mov edi, 0x10","mov eax, 0",call 0x0,"lea rcx, [rbp - 0xc]","mov eax, dword ptr [rbp - 0x14]","mov edx, 0","mov rsi, rcx","mov edi, eax",call 0x0,nop ,"mov rax, qword ptr [rbp - 8]","xor rax, qword ptr fs:[0x28]",je 0x400743,call 0x0,leave ,ret ,,,,,,,,,,,,,,,,,,,,,,,,,,,,,,,,,,,,,,,,,,,,,,,,,,,,,,,,,,,,,,,,,,,,,,,,,,,,,,,,,,,,,,,,,,,,,,,
5,5,5,infileELF/ptrace,convertNum_endian,push rbp,"mov rbp, rsp","mov qword ptr [rbp - 0x18], rdi","mov qword ptr [rbp - 8], 0","mov rax, qword ptr [rbp - 0x18]","shl rax, 0x38","add qword ptr [rbp - 8], rax","mov rax, qword ptr [rbp - 0x18]","and eax, 0xff00","shl rax, 0x28","add qword ptr [rbp - 8], rax","mov rax, qword ptr [rbp - 0x18]","and eax, 0xff0000","shl rax, 0x18","add qword ptr [rbp - 8], rax","mov rax, qword ptr [rbp - 0x18]","and eax, 0xff000000","shl rax, 8","add qword ptr [rbp - 8], rax","movabs rax, 0xff00000000","and rax, qword ptr [rbp - 0x18]","sar rax, 8","add qword ptr [rbp - 8], rax","movabs rax, 0xff0000000000","and rax, qword ptr [rbp - 0x18]","sar rax, 0x18","add qword ptr [rbp - 8], rax","movabs rax, 0xff000000000000","and rax, qword ptr [rbp - 0x18]","sar rax, 0x28","add qword ptr [rbp - 8], rax","mov rax, qword ptr [rbp - 0x18]","shr rax, 0x38","mov rdx, rax","mov rax, qword ptr [rbp - 8]","add rax, rdx","mov qword ptr [rbp - 8], rax","mov rax, qword ptr [rbp - 8]",pop rbp,ret ,,,,,,,,,,,,,,,,,,,,,,,,,,,,,,,,,,,,,,,,,,,,,,,,,,,,,,,,,,,,,,,,,,,,,,,,,,,,,,,,,,
6,6,6,infileELF/ptrace,testcode_convertNum_endian,push rbp,"mov rbp, rsp","sub rsp, 0x10","movabs rax, 0x1122334455667788","mov qword ptr [rbp - 8], rax","mov rax, qword ptr [rbp - 8]","mov rdi, rax",call 0x0,"mov rsi, rax","mov edi, 0x400ea5","mov eax, 0",call 0x0,nop ,leave ,ret ,,,,,,,,,,,,,,,,,,,,,,,,,,,,,,,,,,,,,,,,,,,,,,,,,,,,,,,,,,,,,,,,,,,,,,,,,,,,,,,,,,,,,,,,,,,,,,,,,,,,,,,,,,,
7,7,7,infileELF/ptrace,p_break,push rbp,"mov rbp, rsp","sub rsp, 0x20","mov dword ptr [rbp - 0x14], edi","mov qword ptr [rbp - 0x20], rsi","mov rdx, qword ptr [rbp - 0x20]","mov eax, dword ptr [rbp - 0x14]","mov ecx, 0","mov esi, eax","mov edi, 1","mov eax, 0",call 0x0,"mov qword ptr [rbp - 8], rax","mov rax, qword ptr [rbp - 8]","mov rdi, rax",call 0x0,"mov rsi, rax","mov edi, 0x400eac","mov eax, 0",call 0x0,"mov rax, qword ptr [rbp - 8]","mov al, 0","or al, 0xcc","mov rcx, rax","mov rdx, qword ptr [rbp - 0x20]","mov eax, dword ptr [rbp - 0x14]","mov esi, eax","mov edi, 4","mov eax, 0",call 0x0,"mov rax, qword ptr [rbp - 0x20]","mov rsi, rax","mov edi, 0x400ec4","mov eax, 0",call 0x0,"mov rax, qword ptr [rbp - 8]",leave ,ret ,,,,,,,,,,,,,,,,,,,,,,,,,,,,,,,,,,,,,,,,,,,,,,,,,,,,,,,,,,,,,,,,,,,,,,,,,,,,,,,,,,,,
8,8,8,infileELF/ptrace,p_delete,push rbp,"mov rbp, rsp","sub rsp, 0x100","mov dword ptr [rbp - 0xe4], edi","mov qword ptr [rbp - 0xf0], rsi","mov qword ptr [rbp - 0xf8], rdx","mov rax, qword ptr fs:[0x28]","mov qword ptr [rbp - 8], rax","xor eax, eax","mov esi, 0x10","mov edi, 0x400ed7","mov eax, 0",call 0x0,"lea rdx, [rbp - 0xe0]","mov eax, dword ptr [rbp - 0xe4]","mov rcx, rdx","mov edx, 0","mov esi, eax","mov edi, 0xc","mov eax, 0",call 0x0,"mov rax, qword ptr [rbp - 0xf0]","mov qword ptr [rbp - 0x60], rax","lea rdx, [rbp - 0xe0]","mov eax, dword ptr [rbp - 0xe4]","mov rcx, rdx","mov edx, 0","mov esi, eax","mov edi, 0xd","mov eax, 0",call 0x0,"mov rcx, qword ptr [rbp - 0xf8]","mov rdx, qword ptr [rbp - 0xf0]","mov eax, dword ptr [rbp - 0xe4]","mov esi, eax","mov edi, 4","mov eax, 0",call 0x0,nop ,"mov rax, qword ptr [rbp - 8]","xor rax, qword ptr fs:[0x28]",je 0x4007b3,call 0x0,leave ,ret ,,,,,,,,,,,,,,,,,,,,,,,,,,,,,,,,,,,,,,,,,,,,,,,,,,,,,,,,,,,,,,,,,,,,,,,,,,,,,
9,9,9,infileELF/ptrace,p_continue,push rbp,"mov rbp, rsp","sub rsp, 0x30","mov dword ptr [rbp - 0x24], edi","mov rax, qword ptr fs:[0x28]","mov qword ptr [rbp - 8], rax","xor eax, eax","mov eax, dword ptr [rbp - 0x24]","mov ecx, 0","mov edx, 0","mov esi, eax","mov edi, 7","mov eax, 0",call 0x0,"mov edi, 0x400ee1",call 0x0,"lea rcx, [rbp - 0xc]","mov eax, dword ptr [rbp - 0x24]","mov edx, 0","mov rsi, rcx","mov edi, eax",call 0x0,"mov eax, dword ptr [rbp - 0xc]","mov dword ptr [rbp - 0x20], eax","mov eax, dword ptr [rbp - 0x20]","and eax, 0x7f","test eax, eax",jne 0x400770,"mov edi, 0x400eed",call 0x0,"mov eax, dword ptr [rbp - 0xc]","mov esi, eax","mov edi, 0x400f06","mov eax, 0",call 0x0,"mov edi, 0",call 0x0,"mov eax, dword ptr [rbp - 0xc]","mov dword ptr [rbp - 0x10], eax","mov eax, dword ptr [rbp - 0x10]","movzx eax, al","cmp eax, 0x7f",jne 0x40079d,"mov edi, 0x400f11",call 0x0,nop ,"mov rax, qword ptr [rbp - 8]","xor rax, qword ptr fs:[0x28]",je 0x4007ac,jmp 0x4007a7,"mov edi, 1",call 0x0,call 0x0,leave ,ret ,,,,,,,,,,,,,,,,,,,,,,,,,,,,,,,,,,,,,,,,,,,,,,,,,,,,,,,,,,,,,,,,,,,
10,10,10,infileELF/ptrace,p_stepi,push rbp,"mov rbp, rsp","sub rsp, 0x20","mov dword ptr [rbp - 0x14], edi","mov rax, qword ptr fs:[0x28]","mov qword ptr [rbp - 8], rax","xor eax, eax","mov eax, dword ptr [rbp - 0x14]","mov ecx, 0","mov edx, 0","mov esi, eax","mov edi, 9","mov eax, 0",call 0x0,"lea rcx, [rbp - 0xc]","mov eax, dword ptr [rbp - 0x14]","mov edx, 0","mov rsi, rcx","mov edi, eax",call 0x0,nop ,"mov rax, qword ptr [rbp - 8]","xor rax, qword ptr fs:[0x28]",je 0x400743,call 0x0,leave ,ret ,,,,,,,,,,,,,,,,,,,,,,,,,,,,,,,,,,,,,,,,,,,,,,,,,,,,,,,,,,,,,,,,,,,,,,,,,,,,,,,,,,,,,,,,,,,,,,,
11,11,11,infileELF/ptrace,p_quit,push rbp,"mov rbp, rsp","sub rsp, 0x10","mov dword ptr [rbp - 4], edi","mov eax, dword ptr [rbp - 4]","mov ecx, 0","mov edx, 0","mov esi, eax","mov edi, 0x11","mov eax, 0",call 0x0,nop ,leave ,ret ,,,,,,,,,,,,,,,,,,,,,,,,,,,,,,,,,,,,,,,,,,,,,,,,,,,,,,,,,,,,,,,,,,,,,,,,,,,,,,,,,,,,,,,,,,,,,,,,,,,,,,,,,,,,
12,12,12,infileELF/ptrace,__stat,"mov rdx, rsi","mov rsi, rdi","mov edi, 1",jmp 0x3ffef0,,,,,,,,,,,,,,,,,,,,,,,,,,,,,,,,,,,,,,,,,,,,,,,,,,,,,,,,,,,,,,,,,,,,,,,,,,,,,,,,,,,,,,,,,,,,,,,,,,,,,,,,,,,,,,,,,,,,,,
13,13,13,infileELF/ptrace,stat,"mov rdx, rsi","mov rsi, rdi","mov edi, 1",jmp 0x3ffef0,,,,,,,,,,,,,,,,,,,,,,,,,,,,,,,,,,,,,,,,,,,,,,,,,,,,,,,,,,,,,,,,,,,,,,,,,,,,,,,,,,,,,,,,,,,,,,,,,,,,,,,,,,,,,,,,,,,,,,
14,14,14,infileELF/ptrace,__libc_csu_init,push r15,push r14,"mov r15d, edi",push r13,push r12,"lea r12, [rip + 0x20100e]",push rbp,"lea rbp, [rip + 0x20100e]",push rbx,"mov r14, rsi","mov r13, rdx","sub rbp, r12","sub rsp, 8","sar rbp, 3",call 0x0,"test rbp, rbp",je 0x400736,"xor ebx, ebx",nop dword ptr [rax + rax],"mov rdx, r13","mov rsi, r14","mov edi, r15d",call 0x0,"add rbx, 1","cmp rbx, rbp",jne 0x400720,"add rsp, 8",pop rbx,pop rbp,pop r12,pop r13,pop r14,pop r15,ret ,,,,,,,,,,,,,,,,,,,,,,,,,,,,,,,,,,,,,,,,,,,,,,,,,,,,,,,,,,,,,,,,,,,,,,,,,,,,,,,,,,,,,,,,
15,15,15,infileELF/ptrace,_start,"xor ebp, ebp","mov r9, rdx",pop rsi,"mov rdx, rsp","and rsp, 0xfffffffffffffff0",push rax,push rsp,"mov r8, 0x400e60","mov rcx, 0x400df0","mov rdi, 0x400c6c",call 0x0,hlt ,,,,,,,,,,,,,,,,,,,,,,,,,,,,,,,,,,,,,,,,,,,,,,,,,,,,,,,,,,,,,,,,,,,,,,,,,,,,,,,,,,,,,,,,,,,,,,,,,,,,,,,,,,,,,,
16,16,16,infileELF/ptrace,main,push rbp,"mov rbp, rsp","sub rsp, 0xd0","mov dword ptr [rbp - 0xc4], edi","mov qword ptr [rbp - 0xd0], rsi","mov rax, qword ptr fs:[0x28]","mov qword ptr [rbp - 8], rax","xor eax, eax","cmp dword ptr [rbp - 0xc4], 1",jg 0x40072e,"mov edi, 0x400f1d",call 0x0,"mov edi, 0x400f38",call 0x0,"mov edi, 1",call 0x0,"mov rax, qword ptr [rbp - 0xd0]","add rax, 8","mov rax, qword ptr [rax]","mov rdi, rax",call 0x0,"mov dword ptr [rbp - 0xb4], eax","mov rax, qword ptr [rbp - 0xd0]","add rax, 0x10","mov rax, qword ptr [rax]","mov edx, 0","mov esi, 0","mov rdi, rax",call 0x0,"mov qword ptr [rbp - 0xa8], rax","mov eax, dword ptr [rbp - 0xb4]","mov edi, eax",call 0x0,"mov rdx, qword ptr [rbp - 0xa8]","mov eax, dword ptr [rbp - 0xb4]","mov rsi, rdx","mov edi, eax",call 0x0,"mov qword ptr [rbp - 0xb0], rax","mov edi, 0x400f60",call 0x0,"mov eax, dword ptr [rbp - 0xb4]","mov edi, eax",call 0x0,"mov rdx, qword ptr [rbp - 0xb0]","mov rcx, qword ptr [rbp - 0xa8]","mov eax, dword ptr [rbp - 0xb4]","mov rsi, rcx","mov edi, eax",call 0x0,"lea rax, [rbp - 0xa0]","mov rsi, rax","mov edi, 0x400f70",call 0x0,"test eax, eax",je 0x400826,"mov eax, dword ptr [rbp - 0xb4]","mov edi, eax",call 0x0,"mov eax, dword ptr [rbp - 0xb4]","mov edi, eax",call 0x0,"mov rdx, qword ptr [rbp - 0xa8]","mov eax, dword ptr [rbp - 0xb4]","mov rsi, rdx","mov edi, eax",call 0x0,"mov qword ptr [rbp - 0xb0], rax",jmp 0x40079c,nop ,"mov edi, 0x400f77",call 0x0,"mov eax, dword ptr [rbp - 0xb4]","mov edi, eax",call 0x0,"mov eax, 0","mov rcx, qword ptr [rbp - 8]","xor rcx, qword ptr fs:[0x28]",je 0x400857,call 0x0,leave ,ret ,,,,,,,,,,,,,,,,,,,,,,,,,,,,,,,,,,,,,,,,
17,17,17,infileELF/quick,partition,push rbp,"mov rbp, rsp","sub rsp, 0x20","mov qword ptr [rbp - 0x18], rdi","mov dword ptr [rbp - 0x1c], esi","mov dword ptr [rbp - 0x20], edx","mov eax, dword ptr [rbp - 0x20]",cdqe ,"lea rdx, [rax*4]","mov rax, qword ptr [rbp - 0x18]","add rax, rdx","mov eax, dword ptr [rax]","mov dword ptr [rbp - 4], eax","mov eax, dword ptr [rbp - 0x1c]","sub eax, 1","mov dword ptr [rbp - 0xc], eax","mov eax, dword ptr [rbp - 0x1c]","mov dword ptr [rbp - 8], eax",jmp 0x400572,"mov eax, dword ptr [rbp - 8]",cdqe ,"lea rdx, [rax*4]","mov rax, qword ptr [rbp - 0x18]","add rax, rdx","mov eax, dword ptr [rax]","cmp eax, dword ptr [rbp - 4]",jg 0x40056e,"add dword ptr [rbp - 0xc], 1","mov eax, dword ptr [rbp - 8]",cdqe ,"lea rdx, [rax*4]","mov rax, qword ptr [rbp - 0x18]","add rdx, rax","mov eax, dword ptr [rbp - 0xc]",cdqe ,"lea rcx, [rax*4]","mov rax, qword ptr [rbp - 0x18]","add rax, rcx","mov rsi, rdx","mov rdi, rax",call 0x0,"add dword ptr [rbp - 8], 1","mov eax, dword ptr [rbp - 0x20]","sub eax, 1","cmp eax, dword ptr [rbp - 8]",jge 0x40051c,"mov eax, dword ptr [rbp - 0x20]",cdqe ,"lea rdx, [rax*4]","mov rax, qword ptr [rbp - 0x18]","add rdx, rax","mov eax, dword ptr [rbp - 0xc]",cdqe ,"add rax, 1","lea rcx, [rax*4]","mov rax, qword ptr [rbp - 0x18]","add rax, rcx","mov rsi, rdx","mov rdi, rax",call 0x0,"mov eax, dword ptr [rbp - 0xc]","add eax, 1",leave ,ret ,,,,,,,,,,,,,,,,,,,,,,,,,,,,,,,,,,,,,,,,,,,,,,,,,,,,,,,,,,
18,18,18,infileELF/quick,__libc_csu_init,push r15,push r14,"mov r15d, edi",push r13,push r12,"lea r12, [rip + 0x2005be]",push rbp,"lea rbp, [rip + 0x2005be]",push rbx,"mov r14, rsi","mov r13, rdx","sub rbp, r12","sub rsp, 8","sar rbp, 3",call 0x0,"test rbp, rbp",je 0x400536,"xor ebx, ebx",nop dword ptr [rax + rax],"mov rdx, r13","mov rsi, r14","mov edi, r15d",call 0x0,"add rbx, 1","cmp rbx, rbp",jne 0x400520,"add rsp, 8",pop rbx,pop rbp,pop r12,pop r13,pop r14,pop r15,ret ,,,,,,,,,,,,,,,,,,,,,,,,,,,,,,,,,,,,,,,,,,,,,,,,,,,,,,,,,,,,,,,,,,,,,,,,,,,,,,,,,,,,,,,,
19,19,19,infileELF/quick,_start,"xor ebp, ebp","mov r9, rdx",pop rsi,"mov rdx, rsp","and rsp, 0xfffffffffffffff0",push rax,push rsp,"mov r8, 0x4008b0","mov rcx, 0x400840","mov rdi, 0x400799",call 0x0,hlt ,,,,,,,,,,,,,,,,,,,,,,,,,,,,,,,,,,,,,,,,,,,,,,,,,,,,,,,,,,,,,,,,,,,,,,,,,,,,,,,,,,,,,,,,,,,,,,,,,,,,,,,,,,,,,,
20,20,20,infileELF/quick,main,push rbp,"mov rbp, rsp","sub rsp, 0x30","mov rax, qword ptr fs:[0x28]","mov qword ptr [rbp - 8], rax","xor eax, eax","mov dword ptr [rbp - 0x20], 0xa","mov dword ptr [rbp - 0x1c], 7","mov dword ptr [rbp - 0x18], 8","mov dword ptr [rbp - 0x14], 9","mov dword ptr [rbp - 0x10], 1","mov dword ptr [rbp - 0xc], 5","mov dword ptr [rbp - 0x24], 6","mov eax, dword ptr [rbp - 0x24]","lea edx, [rax - 1]","lea rax, [rbp - 0x20]","mov esi, 0","mov rdi, rax",call 0x0,"mov edi, 0x4008c8","mov eax, 0",call 0x0,"mov edx, dword ptr [rbp - 0x24]","lea rax, [rbp - 0x20]","mov esi, edx","mov rdi, rax",call 0x0,"mov eax, 0","mov rcx, qword ptr [rbp - 8]","xor rcx, qword ptr fs:[0x28]",je 0x400578,call 0x0,leave ,ret ,,,,,,,,,,,,,,,,,,,,,,,,,,,,,,,,,,,,,,,,,,,,,,,,,,,,,,,,,,,,,,,,,,,,,,,,,,,,,,,,,,,,,,,,
21,21,21,infileELF/quick,quickSort,push rbp,"mov rbp, rsp","sub rsp, 0x20","mov qword ptr [rbp - 0x18], rdi","mov dword ptr [rbp - 0x1c], esi","mov dword ptr [rbp - 0x20], edx","mov eax, dword ptr [rbp - 0x1c]","cmp eax, dword ptr [rbp - 0x20]",jge 0x40053f,"mov edx, dword ptr [rbp - 0x20]","mov ecx, dword ptr [rbp - 0x1c]","mov rax, qword ptr [rbp - 0x18]","mov esi, ecx","mov rdi, rax",call 0x0,"mov dword ptr [rbp - 4], eax","mov eax, dword ptr [rbp - 4]","lea edx, [rax - 1]","mov ecx, dword ptr [rbp - 0x1c]","mov rax, qword ptr [rbp - 0x18]","mov esi, ecx","mov rdi, rax",call 0x0,"mov eax, dword ptr [rbp - 4]","lea ecx, [rax + 1]","mov edx, dword ptr [rbp - 0x20]","mov rax, qword ptr [rbp - 0x18]","mov esi, ecx","mov rdi, rax",call 0x0,nop ,leave ,ret ,,,,,,,,,,,,,,,,,,,,,,,,,,,,,,,,,,,,,,,,,,,,,,,,,,,,,,,,,,,,,,,,,,,,,,,,,,,,,,,,,,,,,,,,,
22,22,22,infileELF/quick,printArray,push rbp,"mov rbp, rsp","sub rsp, 0x20","mov qword ptr [rbp - 0x18], rdi","mov dword ptr [rbp - 0x1c], esi","mov dword ptr [rbp - 4], 0",jmp 0x400523,"mov eax, dword ptr [rbp - 4]",cdqe ,"lea rdx, [rax*4]","mov rax, qword ptr [rbp - 0x18]","add rax, rdx","mov eax, dword ptr [rax]","mov esi, eax","mov edi, 0x4008c4","mov eax, 0",call 0x0,"add dword ptr [rbp - 4], 1","mov eax, dword ptr [rbp - 4]","cmp eax, dword ptr [rbp - 0x1c]",jl 0x4004f8,"mov edi, 0x6e",call 0x0,nop ,leave ,ret ,,,,,,,,,,,,,,,,,,,,,,,,,,,,,,,,,,,,,,,,,,,,,,,,,,,,,,,,,,,,,,,,,,,,,,,,,,,,,,,,,,,,,,,,,,,,,,,,
23,23,23,infileELF/quick,swap,push rbp,"mov rbp, rsp","mov qword ptr [rbp - 0x18], rdi","mov qword ptr [rbp - 0x20], rsi","mov rax, qword ptr [rbp - 0x18]","mov eax, dword ptr [rax]","mov dword ptr [rbp - 4], eax","mov rax, qword ptr [rbp - 0x20]","mov edx, dword ptr [rax]","mov rax, qword ptr [rbp - 0x18]","mov dword ptr [rax], edx","mov rax, qword ptr [rbp - 0x20]","mov edx, dword ptr [rbp - 4]","mov dword ptr [rax], edx",nop ,pop rbp,ret ,,,,,,,,,,,,,,,,,,,,,,,,,,,,,,,,,,,,,,,,,,,,,,,,,,,,,,,,,,,,,,,,,,,,,,,,,,,,,,,,,,,,,,,,,,,,,,,,,,,,,,,,,
24,24,24,infileELF/heap,__libc_csu_init,push r15,push r14,"mov r15d, edi",push r13,push r12,"lea r12, [rip + 0x2006be]",push rbp,"lea rbp, [rip + 0x2006be]",push rbx,"mov r14, rsi","mov r13, rdx","sub rbp, r12","sub rsp, 8","sar rbp, 3",call 0x0,"test rbp, rbp",je 0x400556,"xor ebx, ebx",nop dword ptr [rax + rax],"mov rdx, r13","mov rsi, r14","mov edi, r15d",call 0x0,"add rbx, 1","cmp rbx, rbp",jne 0x400540,"add rsp, 8",pop rbx,pop rbp,pop r12,pop r13,pop r14,pop r15,ret ,,,,,,,,,,,,,,,,,,,,,,,,,,,,,,,,,,,,,,,,,,,,,,,,,,,,,,,,,,,,,,,,,,,,,,,,,,,,,,,,,,,,,,,,
25,25,25,infileELF/heap,_start,"xor ebp, ebp","mov r9, rdx",pop rsi,"mov rdx, rsp","and rsp, 0xfffffffffffffff0",push rax,push rsp,"mov r8, 0x4007b0","mov rcx, 0x400740","mov rdi, 0x4005f6",call 0x0,hlt ,,,,,,,,,,,,,,,,,,,,,,,,,,,,,,,,,,,,,,,,,,,,,,,,,,,,,,,,,,,,,,,,,,,,,,,,,,,,,,,,,,,,,,,,,,,,,,,,,,,,,,,,,,,,,,
26,26,26,infileELF/heap,main,push rbp,"mov rbp, rsp","sub rsp, 0x60","mov qword ptr [rbp - 0x58], 0x4007c4","mov edi, 1",call 0x0,"mov qword ptr [rbp - 0x50], rax","mov edi, 1",call 0x0,"mov qword ptr [rbp - 0x48], rax","mov edi, 6",call 0x0,"mov qword ptr [rbp - 0x40], rax","mov edi, 6",call 0x0,"mov qword ptr [rbp - 0x38], rax","mov edi, 0x10",call 0x0,"mov qword ptr [rbp - 0x30], rax","mov edi, 0x11",call 0x0,"mov qword ptr [rbp - 0x28], rax","mov edi, 0x12",call 0x0,"mov qword ptr [rbp - 0x20], rax","mov edi, 0x20",call 0x0,"mov qword ptr [rbp - 0x18], rax","mov edi, 0x3f",call 0x0,"mov qword ptr [rbp - 0x10], rax","mov edi, 0x4007d9",call 0x0,"mov edi, 0x1000000",call 0x0,"mov qword ptr [rbp - 8], rax","mov dword ptr [rbp - 0x5c], 0xff","mov rcx, qword ptr [rbp - 0x58]","mov rax, qword ptr [rbp - 0x18]","mov edx, 0x20","mov rsi, rcx","mov rdi, rax",call 0x0,"mov rax, qword ptr [rbp - 0x30]","mov rdi, rax",call 0x0,"mov rax, qword ptr [rbp - 0x50]","mov rdi, rax",call 0x0,"mov rax, qword ptr [rbp - 0x48]","mov rdi, rax",call 0x0,"mov rax, qword ptr [rbp - 0x40]","mov rdi, rax",call 0x0,"mov rax, qword ptr [rbp - 0x38]","mov rdi, rax",call 0x0,"mov rax, qword ptr [rbp - 0x28]","mov rdi, rax",call 0x0,"mov rax, qword ptr [rbp - 0x20]","mov rdi, rax",call 0x0,"mov rax, qword ptr [rbp - 0x18]","mov rdi, rax",call 0x0,"mov rax, qword ptr [rbp - 0x10]","mov rdi, rax",call 0x0,"mov rax, qword ptr [rbp - 8]","mov rdi, rax",call 0x0,"mov eax, 0",leave ,ret ,,,,,,,,,,,,,,,,,,,,,,,,,,,,,,,,,,,,,,,,,,,,,,
27,27,27,infileELF/convention_64,func,push rbp,"mov rbp, rsp","sub rsp, 0x30","mov dword ptr [rbp - 0x14], edi","mov dword ptr [rbp - 0x18], esi","mov dword ptr [rbp - 0x1c], edx","mov dword ptr [rbp - 0x20], ecx","mov dword ptr [rbp - 0x24], r8d","mov dword ptr [rbp - 0x28], r9d","mov edx, dword ptr [rbp - 0x14]","mov eax, dword ptr [rbp - 0x18]","add edx, eax","mov eax, dword ptr [rbp - 0x1c]","add edx, eax","mov eax, dword ptr [rbp - 0x20]","add edx, eax","mov eax, dword ptr [rbp - 0x24]","add edx, eax","mov eax, dword ptr [rbp - 0x28]","add edx, eax","mov eax, dword ptr [rbp + 0x10]","add edx, eax","mov eax, dword ptr [rbp + 0x18]","add edx, eax","mov eax, dword ptr [rbp + 0x20]","add edx, eax","mov eax, dword ptr [rbp + 0x28]","add eax, edx","mov dword ptr [rbp - 4], eax","mov eax, dword ptr [rbp - 4]","mov esi, eax","mov edi, 0x400664","mov eax, 0",call 0x0,"mov eax, dword ptr [rbp - 4]",leave ,ret ,,,,,,,,,,,,,,,,,,,,,,,,,,,,,,,,,,,,,,,,,,,,,,,,,,,,,,,,,,,,,,,,,,,,,,,,,,,,,,,,,,,,,
28,28,28,infileELF/convention_64,__libc_csu_init,push r15,push r14,"mov r15d, edi",push r13,push r12,"lea r12, [rip + 0x20081e]",push rbp,"lea rbp, [rip + 0x20081e]",push rbx,"mov r14, rsi","mov r13, rdx","sub rbp, r12","sub rsp, 8","sar rbp, 3",call 0x0,"test rbp, rbp",je 0x400486,"xor ebx, ebx",nop dword ptr [rax + rax],"mov rdx, r13","mov rsi, r14","mov edi, r15d",call 0x0,"add rbx, 1","cmp rbx, rbp",jne 0x400470,"add rsp, 8",pop rbx,pop rbp,pop r12,pop r13,pop r14,pop r15,ret ,,,,,,,,,,,,,,,,,,,,,,,,,,,,,,,,,,,,,,,,,,,,,,,,,,,,,,,,,,,,,,,,,,,,,,,,,,,,,,,,,,,,,,,,
29,29,29,infileELF/convention_64,_start,"xor ebp, ebp","mov r9, rdx",pop rsi,"mov rdx, rsp","and rsp, 0xfffffffffffffff0",push rax,push rsp,"mov r8, 0x400650","mov rcx, 0x4005e0","mov rdi, 0x40058e",call 0x0,hlt ,,,,,,,,,,,,,,,,,,,,,,,,,,,,,,,,,,,,,,,,,,,,,,,,,,,,,,,,,,,,,,,,,,,,,,,,,,,,,,,,,,,,,,,,,,,,,,,,,,,,,,,,,,,,,,
30,30,30,infileELF/convention_64,main,push rbp,"mov rbp, rsp","sub rsp, 0x10",push 0xa,push 9,push 8,push 7,"mov r9d, 6","mov r8d, 5","mov ecx, 4","mov edx, 3","mov esi, 2","mov edi, 1",call 0x0,"add rsp, 0x20","mov dword ptr [rbp - 4], eax","mov eax, 0",leave ,ret ,,,,,,,,,,,,,,,,,,,,,,,,,,,,,,,,,,,,,,,,,,,,,,,,,,,,,,,,,,,,,,,,,,,,,,,,,,,,,,,,,,,,,,,,,,,,,,,,,,,,,,,
31,31,31,infileELF/randgen,__libc_csu_init,push r15,push r14,"mov r15d, edi",push r13,push r12,"lea r12, [rip + 0x2007ce]",push rbp,"lea rbp, [rip + 0x2007ce]",push rbx,"mov r14, rsi","mov r13, rdx","sub rbp, r12","sub rsp, 8","sar rbp, 3",call 0x0,"test rbp, rbp",je 0x400556,"xor ebx, ebx",nop dword ptr [rax + rax],"mov rdx, r13","mov rsi, r14","mov edi, r15d",call 0x0,"add rbx, 1","cmp rbx, rbp",jne 0x400540,"add rsp, 8",pop rbx,pop rbp,pop r12,pop r13,pop r14,pop r15,ret ,,,,,,,,,,,,,,,,,,,,,,,,,,,,,,,,,,,,,,,,,,,,,,,,,,,,,,,,,,,,,,,,,,,,,,,,,,,,,,,,,,,,,,,,
32,32,32,infileELF/randgen,_start,"xor ebp, ebp","mov r9, rdx",pop rsi,"mov rdx, rsp","and rsp, 0xfffffffffffffff0",push rax,push rsp,"mov r8, 0x4006a0","mov rcx, 0x400630","mov rdi, 0x4005f6",call 0x0,hlt ,,,,,,,,,,,,,,,,,,,,,,,,,,,,,,,,,,,,,,,,,,,,,,,,,,,,,,,,,,,,,,,,,,,,,,,,,,,,,,,,,,,,,,,,,,,,,,,,,,,,,,,,,,,,,,
33,33,33,infileELF/randgen,main,push rbp,"mov rbp, rsp","mov edi, 0",call 0x0,"mov edi, eax",call 0x0,call 0x0,"mov esi, eax","mov edi, 0x4006b4","mov eax, 0",call 0x0,jmp 0x400515,,,,,,,,,,,,,,,,,,,,,,,,,,,,,,,,,,,,,,,,,,,,,,,,,,,,,,,,,,,,,,,,,,,,,,,,,,,,,,,,,,,,,,,,,,,,,,,,,,,,,,,,,,,,,,
34,34,34,infileELF/convention_86,func,push ebp,"mov ebp, esp","sub esp, 0x18","mov edx, dword ptr [ebp + 8]","mov eax, dword ptr [ebp + 0xc]","add edx, eax","mov eax, dword ptr [ebp + 0x10]","add edx, eax","mov eax, dword ptr [ebp + 0x14]","add edx, eax","mov eax, dword ptr [ebp + 0x18]","add edx, eax","mov eax, dword ptr [ebp + 0x1c]","add edx, eax","mov eax, dword ptr [ebp + 0x20]","add edx, eax","mov eax, dword ptr [ebp + 0x24]","add edx, eax","mov eax, dword ptr [ebp + 0x28]","add edx, eax","mov eax, dword ptr [ebp + 0x2c]","add eax, edx","mov dword ptr [ebp - 0xc], eax","sub esp, 8",push dword ptr [ebp - 0xc],push 0x8048520,call 0x0,"add esp, 0x10","mov eax, dword ptr [ebp - 0xc]",leave ,ret ,,,,,,,,,,,,,,,,,,,,,,,,,,,,,,,,,,,,,,,,,,,,,,,,,,,,,,,,,,,,,,,,,,,,,,,,,,,,,,,,,,,,,,,,,,,
35,35,35,infileELF/convention_86,__libc_csu_init,push ebp,push edi,push esi,push ebx,call 0x0,"add ebx, 0x1b57","sub esp, 0xc","mov ebp, dword ptr [esp + 0x20]","lea esi, [ebx - 0xf4]",call 0x0,"lea eax, [ebx - 0xf8]","sub esi, eax","sar esi, 2","test esi, esi",je 0x8048365,"xor edi, edi","lea esi, [esi]","sub esp, 4",push dword ptr [esp + 0x2c],push dword ptr [esp + 0x2c],push ebp,call 0x0,"add edi, 1","add esp, 0x10","cmp edi, esi",jne 0x8048348,"add esp, 0xc",pop ebx,pop esi,pop edi,pop ebp,ret ,,,,,,,,,,,,,,,,,,,,,,,,,,,,,,,,,,,,,,,,,,,,,,,,,,,,,,,,,,,,,,,,,,,,,,,,,,,,,,,,,,,,,,,,,,
36,36,36,infileELF/convention_86,main,"lea ecx, [esp + 4]","and esp, 0xfffffff0",push dword ptr [ecx - 4],push ebp,"mov ebp, esp",push ecx,"sub esp, 0x14","sub esp, 8",push 0xa,push 9,push 8,push 7,push 6,push 5,push 4,push 3,push 2,push 1,call 0x0,"add esp, 0x30","mov dword ptr [ebp - 0xc], eax","mov eax, 0","mov ecx, dword ptr [ebp - 4]",leave ,"lea esp, [ecx - 4]",ret ,,,,,,,,,,,,,,,,,,,,,,,,,,,,,,,,,,,,,,,,,,,,,,,,,,,,,,,,,,,,,,,,,,,,,,,,,,,,,,,,,,,,,,,,,,,,,,,,
37,37,37,infileELF/test_int,__libc_csu_init,push r15,push r14,"mov r15d, edi",push r13,push r12,"lea r12, [rip + 0x2007ce]",push rbp,"lea rbp, [rip + 0x2007ce]",push rbx,"mov r14, rsi","mov r13, rdx","sub rbp, r12","sub rsp, 8","sar rbp, 3",call 0x0,"test rbp, rbp",je 0x4004f6,"xor ebx, ebx",nop dword ptr [rax + rax],"mov rdx, r13","mov rsi, r14","mov edi, r15d",call 0x0,"add rbx, 1","cmp rbx, rbp",jne 0x4004e0,"add rsp, 8",pop rbx,pop rbp,pop r12,pop r13,pop r14,pop r15,ret ,,,,,,,,,,,,,,,,,,,,,,,,,,,,,,,,,,,,,,,,,,,,,,,,,,,,,,,,,,,,,,,,,,,,,,,,,,,,,,,,,,,,,,,,
38,38,38,infileELF/test_int,_start,"xor ebp, ebp","mov r9, rdx",pop rsi,"mov rdx, rsp","and rsp, 0xfffffffffffffff0",push rax,push rsp,"mov r8, 0x4006a0","mov rcx, 0x400630","mov rdi, 0x400596",call 0x0,hlt ,,,,,,,,,,,,,,,,,,,,,,,,,,,,,,,,,,,,,,,,,,,,,,,,,,,,,,,,,,,,,,,,,,,,,,,,,,,,,,,,,,,,,,,,,,,,,,,,,,,,,,,,,,,,,,
39,39,39,infileELF/test_int,main,push rbp,"mov rbp, rsp","sub rsp, 0xc0","mov rax, qword ptr fs:[0x28]","mov qword ptr [rbp - 8], rax","xor eax, eax","lea rax, [rbp - 0xb0]","mov esi, 0x400700","mov edx, 0x14","mov rdi, rax","mov rcx, rdx","rep movsq qword ptr [rdi], qword ptr [rsi]","mov dword ptr [rbp - 0xb4], 0",jmp 0x400507,"mov eax, dword ptr [rbp - 0xb4]",cdqe ,"mov eax, dword ptr [rbp + rax*4 - 0xb0]","mov esi, eax","mov edi, 0x4006e0","mov eax, 0",call 0x0,"add dword ptr [rbp - 0xb4], 1","cmp dword ptr [rbp - 0xb4], 0x27",jle 0x4004e0,"mov eax, 0","mov rdx, qword ptr [rbp - 8]","xor rdx, qword ptr fs:[0x28]",je 0x400529,call 0x0,leave ,ret ,,,,,,,,,,,,,,,,,,,,,,,,,,,,,,,,,,,,,,,,,,,,,,,,,,,,,,,,,,,,,,,,,,,,,,,,,,,,,,,,,,,,,,,,,,,
40,40,40,infileELF/array_double,__libc_csu_init,push r15,push r14,"mov r15d, edi",push r13,push r12,"lea r12, [rip + 0x2007ce]",push rbp,"lea rbp, [rip + 0x2007ce]",push rbx,"mov r14, rsi","mov r13, rdx","sub rbp, r12","sub rsp, 8","sar rbp, 3",call 0x0,"test rbp, rbp",je 0x4004f6,"xor ebx, ebx",nop dword ptr [rax + rax],"mov rdx, r13","mov rsi, r14","mov edi, r15d",call 0x0,"add rbx, 1","cmp rbx, rbp",jne 0x4004e0,"add rsp, 8",pop rbx,pop rbp,pop r12,pop r13,pop r14,pop r15,ret ,,,,,,,,,,,,,,,,,,,,,,,,,,,,,,,,,,,,,,,,,,,,,,,,,,,,,,,,,,,,,,,,,,,,,,,,,,,,,,,,,,,,,,,,
41,41,41,infileELF/array_double,_start,"xor ebp, ebp","mov r9, rdx",pop rsi,"mov rdx, rsp","and rsp, 0xfffffffffffffff0",push rax,push rsp,"mov r8, 0x4006a0","mov rcx, 0x400630","mov rdi, 0x400596",call 0x0,hlt ,,,,,,,,,,,,,,,,,,,,,,,,,,,,,,,,,,,,,,,,,,,,,,,,,,,,,,,,,,,,,,,,,,,,,,,,,,,,,,,,,,,,,,,,,,,,,,,,,,,,,,,,,,,,,,
42,42,42,infileELF/array_double,main,push rbp,"mov rbp, rsp","sub rsp, 0x170","mov rax, qword ptr fs:[0x28]","mov qword ptr [rbp - 8], rax","xor eax, eax","lea rax, [rbp - 0x150]","mov esi, 0x400700","mov edx, 0x28","mov rdi, rax","mov rcx, rdx","rep movsq qword ptr [rdi], qword ptr [rsi]","mov dword ptr [rbp - 0x154], 0",jmp 0x400515,"mov eax, dword ptr [rbp - 0x154]",cdqe ,"mov rax, qword ptr [rbp + rax*8 - 0x150]","mov qword ptr [rbp - 0x168], rax","movsd xmm0, qword ptr [rbp - 0x168]","mov edi, 0x4006e0","mov eax, 1",call 0x0,"add dword ptr [rbp - 0x154], 1","cmp dword ptr [rbp - 0x154], 0x27",jle 0x4004e0,"mov eax, 0","mov rdx, qword ptr [rbp - 8]","xor rdx, qword ptr fs:[0x28]",je 0x400537,call 0x0,leave ,ret ,,,,,,,,,,,,,,,,,,,,,,,,,,,,,,,,,,,,,,,,,,,,,,,,,,,,,,,,,,,,,,,,,,,,,,,,,,,,,,,,,,,,,,,,,,
43,43,43,infileELF/matrix_sample,mul_mat,push rbp,"mov rbp, rsp","sub rsp, 0x90","mov qword ptr [rbp - 0x88], rdi","mov qword ptr [rbp - 0x90], rsi","mov rax, qword ptr fs:[0x28]","mov qword ptr [rbp - 8], rax","xor eax, eax","mov dword ptr [rbp - 0x7c], 0",jmp 0x4004f1,"mov dword ptr [rbp - 0x78], 0",jmp 0x4004e7,"pxor xmm0, xmm0","movsd qword ptr [rbp + 0x10], xmm0","add dword ptr [rbp - 0x78], 1","cmp dword ptr [rbp - 0x78], 2",jle 0x4004da,"add dword ptr [rbp - 0x7c], 1","cmp dword ptr [rbp - 0x7c], 2",jle 0x4004d1,"mov dword ptr [rbp - 0x60], 3","mov dword ptr [rbp - 0x5c], 3","mov dword ptr [rbp - 0x74], 0",jmp 0x4005e1,"mov dword ptr [rbp - 0x70], 0",jmp 0x4005d3,"mov dword ptr [rbp - 0x6c], 0",jmp 0x4005c5,"mov eax, dword ptr [rbp - 0x70]","movsxd rcx, eax","mov eax, dword ptr [rbp - 0x74]","movsxd rdx, eax","mov rax, rdx","add rax, rax","add rax, rdx","add rax, rcx","movsd xmm1, qword ptr [rbp + rax*8 - 0x50]","mov rax, qword ptr [rbp - 0x88]","mov rcx, qword ptr [rax + 8]","mov edx, dword ptr [rbp - 0x74]","mov eax, edx","add eax, eax","add eax, edx","movsxd rdx, eax","mov eax, dword ptr [rbp - 0x6c]",cdqe ,"add rax, rdx","shl rax, 3","add rax, rcx","movsd xmm2, qword ptr [rax]","mov rax, qword ptr [rbp - 0x90]","mov rcx, qword ptr [rax + 8]","mov edx, dword ptr [rbp - 0x6c]","mov eax, edx","add eax, eax","add eax, edx","movsxd rdx, eax","mov eax, dword ptr [rbp - 0x70]",cdqe ,"add rax, rdx","shl rax, 3","add rax, rcx","movsd xmm0, qword ptr [rax]","mulsd xmm0, xmm2","addsd xmm0, xmm1","mov eax, dword ptr [rbp - 0x70]","movsxd rcx, eax","mov eax, dword ptr [rbp - 0x74]","movsxd rdx, eax","mov rax, rdx","add rax, rax","add rax, rdx","add rax, rcx","movsd qword ptr [rbp + rax*8 - 0x50], xmm0","add dword ptr [rbp - 0x6c], 1","cmp dword ptr [rbp - 0x6c], 2",jle 0x400529,"add dword ptr [rbp - 0x70], 1","cmp dword ptr [rbp - 0x70], 2",jle 0x40051d,"add dword ptr [rbp - 0x74], 1","cmp dword ptr [rbp - 0x74], 2",jle 0x400511,"mov dword ptr [rbp - 0x68], 0",jmp 0x400653,"mov dword ptr [rbp - 0x64], 0",jmp 0x400649,"mov rax, qword ptr [rbp - 0x88]","mov rcx, qword ptr [rax + 8]","mov edx, dword ptr [rbp - 0x68]","mov eax, edx","add eax, eax","add eax, edx","movsxd rdx, eax","mov eax, dword ptr [rbp - 0x64]",cdqe ,"add rax, rdx","shl rax, 3","add rcx, rax","mov eax, dword ptr [rbp - 0x64]","movsxd rsi, eax","mov eax, dword ptr [rbp - 0x68]","movsxd rdx, eax","mov rax, rdx","add rax, rax","add rax, rdx","add rax, rsi","movsd xmm0, qword ptr [rbp + rax*8 - 0x50]","movsd qword ptr [rcx], xmm0","add dword ptr [rbp - 0x64], 1","cmp dword ptr [rbp - 0x64], 2",jle 0x4005fd,"add dword ptr [rbp - 0x68], 1","cmp dword ptr [rbp - 0x68], 2",jle 0x4005f4,"mov rax, qword ptr [rbp - 0x88]","mov rdi, qword ptr [rbp - 8]","xor rdi, qword ptr fs:[0x28]",je 0x400674,call 0x0,leave ,ret 
44,44,44,infileELF/matrix_sample,matrix_mul,push rbp,"mov rbp, rsp","sub rsp, 0x90","mov qword ptr [rbp - 0x88], rdi","mov qword ptr [rbp - 0x90], rsi","mov rax, qword ptr fs:[0x28]","mov qword ptr [rbp - 8], rax","xor eax, eax","mov dword ptr [rbp - 0x74], 0",jmp 0x4004f1,"mov dword ptr [rbp - 0x70], 0",jmp 0x4004e7,"pxor xmm0, xmm0","movsd qword ptr [rbp + 0x10], xmm0","add dword ptr [rbp - 0x70], 1","cmp dword ptr [rbp - 0x70], 2",jle 0x4004da,"add dword ptr [rbp - 0x74], 1","cmp dword ptr [rbp - 0x74], 2",jle 0x4004d1,"mov dword ptr [rbp - 0x60], 3","mov dword ptr [rbp - 0x5c], 3","mov dword ptr [rbp - 0x6c], 0",jmp 0x4005e1,"mov dword ptr [rbp - 0x68], 0",jmp 0x4005d3,"mov dword ptr [rbp - 0x64], 0",jmp 0x4005c5,"mov eax, dword ptr [rbp - 0x68]","movsxd rcx, eax","mov eax, dword ptr [rbp - 0x6c]","movsxd rdx, eax","mov rax, rdx","add rax, rax","add rax, rdx","add rax, rcx","movsd xmm1, qword ptr [rbp + rax*8 - 0x50]","mov rax, qword ptr [rbp - 0x88]","mov rcx, qword ptr [rax + 8]","mov edx, dword ptr [rbp - 0x6c]","mov eax, edx","add eax, eax","add eax, edx","movsxd rdx, eax","mov eax, dword ptr [rbp - 0x64]",cdqe ,"add rax, rdx","shl rax, 3","add rax, rcx","movsd xmm2, qword ptr [rax]","mov rax, qword ptr [rbp - 0x90]","mov rcx, qword ptr [rax + 8]","mov edx, dword ptr [rbp - 0x64]","mov eax, edx","add eax, eax","add eax, edx","movsxd rdx, eax","mov eax, dword ptr [rbp - 0x68]",cdqe ,"add rax, rdx","shl rax, 3","add rax, rcx","movsd xmm0, qword ptr [rax]","mulsd xmm0, xmm2","addsd xmm0, xmm1","mov eax, dword ptr [rbp - 0x68]","movsxd rcx, eax","mov eax, dword ptr [rbp - 0x6c]","movsxd rdx, eax","mov rax, rdx","add rax, rax","add rax, rdx","add rax, rcx","movsd qword ptr [rbp + rax*8 - 0x50], xmm0","add dword ptr [rbp - 0x64], 1","cmp dword ptr [rbp - 0x64], 2",jle 0x400529,"add dword ptr [rbp - 0x68], 1","cmp dword ptr [rbp - 0x68], 2",jle 0x40051d,"add dword ptr [rbp - 0x6c], 1","cmp dword ptr [rbp - 0x6c], 2",jle 0x400511,"lea rax, [rbp - 0x50]","mov qword ptr [rbp - 0x58], rax","mov rax, qword ptr [rbp - 0x88]","lea rdx, [rbp - 0x50]","mov qword ptr [rax + 8], rdx","mov rax, qword ptr [rbp - 0x88]","mov rdi, rax",call 0x0,"mov rax, qword ptr [rbp - 0x88]","mov rsi, qword ptr [rbp - 8]","xor rsi, qword ptr fs:[0x28]",je 0x40062c,call 0x0,leave ,ret ,,,,,,,,,,,,,,,,,,,,,,,,
45,45,45,infileELF/matrix_sample,__libc_csu_init,push r15,push r14,"mov r15d, edi",push r13,push r12,"lea r12, [rip + 0x2002ee]",push rbp,"lea rbp, [rip + 0x2002ee]",push rbx,"mov r14, rsi","mov r13, rdx","sub rbp, r12","sub rsp, 8","sar rbp, 3",call 0x0,"test rbp, rbp",je 0x4004f6,"xor ebx, ebx",nop dword ptr [rax + rax],"mov rdx, r13","mov rsi, r14","mov edi, r15d",call 0x0,"add rbx, 1","cmp rbx, rbp",jne 0x4004e0,"add rsp, 8",pop rbx,pop rbp,pop r12,pop r13,pop r14,pop r15,ret ,,,,,,,,,,,,,,,,,,,,,,,,,,,,,,,,,,,,,,,,,,,,,,,,,,,,,,,,,,,,,,,,,,,,,,,,,,,,,,,,,,,,,,,,
46,46,46,infileELF/matrix_sample,_start,"xor ebp, ebp","mov r9, rdx",pop rsi,"mov rdx, rsp","and rsp, 0xfffffffffffffff0",push rax,push rsp,"mov r8, 0x400b80","mov rcx, 0x400b10","mov rdi, 0x400975",call 0x0,hlt ,,,,,,,,,,,,,,,,,,,,,,,,,,,,,,,,,,,,,,,,,,,,,,,,,,,,,,,,,,,,,,,,,,,,,,,,,,,,,,,,,,,,,,,,,,,,,,,,,,,,,,,,,,,,,,
47,47,47,infileELF/matrix_sample,main,push rbp,"mov rbp, rsp","sub rsp, 0xd0","mov rax, qword ptr fs:[0x28]","mov qword ptr [rbp - 8], rax","xor eax, eax","movsd xmm0, qword ptr [rip + 0x219]","movsd qword ptr [rbp - 0xa0], xmm0","movsd xmm0, qword ptr [rip + 0x211]","movsd qword ptr [rbp - 0x98], xmm0","movsd xmm0, qword ptr [rip + 0x209]","movsd qword ptr [rbp - 0x90], xmm0","movsd xmm0, qword ptr [rip + 0x201]","movsd qword ptr [rbp - 0x88], xmm0","movsd xmm0, qword ptr [rip + 0x1f9]","movsd qword ptr [rbp - 0x80], xmm0","movsd xmm0, qword ptr [rip + 0x1f4]","movsd qword ptr [rbp - 0x78], xmm0","movsd xmm0, qword ptr [rip + 0x1ef]","movsd qword ptr [rbp - 0x70], xmm0","movsd xmm0, qword ptr [rip + 0x1ea]","movsd qword ptr [rbp - 0x68], xmm0","movsd xmm0, qword ptr [rip + 0x1e5]","movsd qword ptr [rbp - 0x60], xmm0","movsd xmm0, qword ptr [rip + 0x198]","movsd qword ptr [rbp - 0x50], xmm0","movsd xmm0, qword ptr [rip + 0x193]","movsd qword ptr [rbp - 0x48], xmm0","movsd xmm0, qword ptr [rip + 0x18e]","movsd qword ptr [rbp - 0x40], xmm0","movsd xmm0, qword ptr [rip + 0x189]","movsd qword ptr [rbp - 0x38], xmm0","movsd xmm0, qword ptr [rip + 0x184]","movsd qword ptr [rbp - 0x30], xmm0","movsd xmm0, qword ptr [rip + 0x17f]","movsd qword ptr [rbp - 0x28], xmm0","movsd xmm0, qword ptr [rip + 0x17a]","movsd qword ptr [rbp - 0x20], xmm0","movsd xmm0, qword ptr [rip + 0x175]","movsd qword ptr [rbp - 0x18], xmm0","movsd xmm0, qword ptr [rip + 0x170]","movsd qword ptr [rbp - 0x10], xmm0","mov dword ptr [rbp - 0xc0], 3","mov dword ptr [rbp - 0xbc], 3","lea rax, [rbp - 0xa0]","mov qword ptr [rbp - 0xb8], rax","mov dword ptr [rbp - 0xb0], 3","mov dword ptr [rbp - 0xac], 3","lea rax, [rbp - 0x50]","mov qword ptr [rbp - 0xa8], rax","lea rdx, [rbp - 0xb0]","lea rax, [rbp - 0xc0]","mov rsi, rdx","mov rdi, rax",call 0x0,"mov qword ptr [rbp - 0xc8], rax","mov rax, qword ptr [rbp - 0xc8]","mov rdi, rax",call 0x0,"mov eax, 0","mov rcx, qword ptr [rbp - 8]","xor rcx, qword ptr fs:[0x28]",je 0x400639,call 0x0,leave ,ret ,,,,,,,,,,,,,,,,,,,,,,,,,,,,,,,,,,,,,,,,,,,,,,,,,,,,,,,,
48,48,48,infileELF/matrix_sample,print_matrix,push rbp,"mov rbp, rsp","sub rsp, 0x20","mov qword ptr [rbp - 0x18], rdi","mov dword ptr [rbp - 8], 0",jmp 0x400512,"mov dword ptr [rbp - 4], 0",jmp 0x400508,"mov rax, qword ptr [rbp - 0x18]","mov rcx, qword ptr [rax + 8]","mov edx, dword ptr [rbp - 8]","mov eax, edx","add eax, eax","add eax, edx","movsxd rdx, eax","mov eax, dword ptr [rbp - 4]",cdqe ,"add rax, rdx","shl rax, 3","add rax, rcx","mov rcx, qword ptr [rax]","mov edx, dword ptr [rbp - 4]","mov eax, dword ptr [rbp - 8]","mov qword ptr [rbp - 0x20], rcx","movsd xmm0, qword ptr [rbp - 0x20]","mov esi, eax","mov edi, 0x400b98","mov eax, 1",call 0x0,"add dword ptr [rbp - 4], 1","cmp dword ptr [rbp - 4], 2",jle 0x4004be,"add dword ptr [rbp - 8], 1","cmp dword ptr [rbp - 8], 2",jle 0x4004b5,nop ,leave ,ret ,,,,,,,,,,,,,,,,,,,,,,,,,,,,,,,,,,,,,,,,,,,,,,,,,,,,,,,,,,,,,,,,,,,,,,,,,,,,,,,,,,,,
49,49,49,infileELF/setValue,func,push rbp,"mov rbp, rsp","sub rsp, 0x30","mov rax, qword ptr fs:[0x28]","mov qword ptr [rbp - 8], rax","xor eax, eax","mov edi, 0x4008c4","mov eax, 0",call 0x0,call 0x0,"mov byte ptr [rbp - 0x28], al",call 0x0,"mov byte ptr [rbp - 0x27], al","mov byte ptr [rbp - 0x26], 0x20","mov byte ptr [rbp - 0x25], 3","mov byte ptr [rbp - 0x24], 1","mov byte ptr [rbp - 0x23], 2","movzx eax, byte ptr [rbp - 0x26]","xor eax, 0x59","mov byte ptr [rbp - 0x22], al","movzx eax, byte ptr [rbp - 0x28]","cmp al, byte ptr [rbp - 0x22]",jne 0x400664,"movzx eax, byte ptr [rbp - 0x26]","xor eax, 0x41","mov byte ptr [rbp - 0x21], al","movzx eax, byte ptr [rbp - 0x27]","cmp al, byte ptr [rbp - 0x21]",jne 0x400658,"mov byte ptr [rbp - 0x20], 0xff","mov byte ptr [rbp - 0x1f], 0xff","mov byte ptr [rbp - 0x1e], 0xff","mov byte ptr [rbp - 0x1d], 0xff","mov byte ptr [rbp - 0x1c], 0xff","mov byte ptr [rbp - 0x1b], 0xff","mov byte ptr [rbp - 0x1a], 0xff","mov byte ptr [rbp - 0x19], 0xff","mov byte ptr [rbp - 0x18], 0","movzx eax, byte ptr [rbp - 0x25]","add eax, 0x76","mov byte ptr [rbp - 0x20], al","movzx eax, byte ptr [rbp - 0x24]","add eax, 0x60","mov byte ptr [rbp - 0x1f], al","movzx eax, byte ptr [rbp - 0x23]","add eax, 0x69","mov byte ptr [rbp - 0x1e], al","mov byte ptr [rbp - 0x1d], 0x31","mov byte ptr [rbp - 0x1c], 0x6e","mov byte ptr [rbp - 0x1b], 0x31","mov byte ptr [rbp - 0x1a], 0x6b","mov byte ptr [rbp - 0x19], 0x75","mov edi, 0x4008c9",call 0x0,"lea rax, [rbp - 0x20]","mov rsi, rax","mov edi, 0x4008d5","mov eax, 0",call 0x0,jmp 0x40066e,"mov edi, 0x4008df",call 0x0,jmp 0x40066e,"mov edi, 0x4008df",call 0x0,nop ,"mov rax, qword ptr [rbp - 8]","xor rax, qword ptr fs:[0x28]",je 0x400683,call 0x0,leave ,ret ,,,,,,,,,,,,,,,,,,,,,,,,,,,,,,,,,,,,,,,,,,,,,,,,,,
50,50,50,infileELF/setValue,__libc_csu_init,push r15,push r14,"mov r15d, edi",push r13,push r12,"lea r12, [rip + 0x2005be]",push rbp,"lea rbp, [rip + 0x2005be]",push rbx,"mov r14, rsi","mov r13, rdx","sub rbp, r12","sub rsp, 8","sar rbp, 3",call 0x0,"test rbp, rbp",je 0x4005c6,"xor ebx, ebx",nop dword ptr [rax + rax],"mov rdx, r13","mov rsi, r14","mov edi, r15d",call 0x0,"add rbx, 1","cmp rbx, rbp",jne 0x4005b0,"add rsp, 8",pop rbx,pop rbp,pop r12,pop r13,pop r14,pop r15,ret ,,,,,,,,,,,,,,,,,,,,,,,,,,,,,,,,,,,,,,,,,,,,,,,,,,,,,,,,,,,,,,,,,,,,,,,,,,,,,,,,,,,,,,,,
51,51,51,infileELF/setValue,_start,"xor ebp, ebp","mov r9, rdx",pop rsi,"mov rdx, rsp","and rsp, 0xfffffffffffffff0",push rax,push rsp,"mov r8, 0x4008b0","mov rcx, 0x400840","mov rdi, 0x400802",call 0x0,hlt ,,,,,,,,,,,,,,,,,,,,,,,,,,,,,,,,,,,,,,,,,,,,,,,,,,,,,,,,,,,,,,,,,,,,,,,,,,,,,,,,,,,,,,,,,,,,,,,,,,,,,,,,,,,,,,
52,52,52,infileELF/setValue,main,push rbp,"mov rbp, rsp","mov eax, 0",call 0x0,"test eax, eax",je 0x40058e,"mov eax, 0",call 0x0,jmp 0x400598,"mov edi, 0x4008fc",call 0x0,"mov eax, 0",pop rbp,ret ,,,,,,,,,,,,,,,,,,,,,,,,,,,,,,,,,,,,,,,,,,,,,,,,,,,,,,,,,,,,,,,,,,,,,,,,,,,,,,,,,,,,,,,,,,,,,,,,,,,,,,,,,,,,
53,53,53,infileELF/setValue,anti,push rbp,"mov rbp, rsp","sub rsp, 0x10","mov dword ptr [rbp - 4], 0","mov ecx, 0","mov edx, 1","mov esi, 0","mov edi, 0","mov eax, 0",call 0x0,"test rax, rax",jne 0x4005a9,"mov dword ptr [rbp - 4], 2","mov ecx, 0","mov edx, 1","mov esi, 0","mov edi, 0","mov eax, 0",call 0x0,"cmp rax, -1",jne 0x4005d9,"mov edx, dword ptr [rbp - 4]","mov eax, edx","add eax, eax","add eax, edx","mov dword ptr [rbp - 4], eax","cmp dword ptr [rbp - 4], 6",je 0x4005f0,"mov edi, 0x4008ea",call 0x0,"mov eax, 0",jmp 0x4005f5,"mov eax, 1",leave ,ret ,,,,,,,,,,,,,,,,,,,,,,,,,,,,,,,,,,,,,,,,,,,,,,,,,,,,,,,,,,,,,,,,,,,,,,,,,,,,,,,,,,,,,,,
54,54,54,infileELF/test_int_32bit,__libc_csu_init,push ebp,push edi,push esi,push ebx,call 0x0,"add ebx, 0x19ab","sub esp, 0xc","mov ebp, dword ptr [esp + 0x28]","lea esi, [ebx - 0xfc]",call 0x0,"lea eax, [ebx - 0x100]","sub esi, eax","sar esi, 2","test esi, esi",je 0x495,"xor edi, edi","lea esi, [esi]","sub esp, 4",push ebp,push dword ptr [esp + 0x2c],push dword ptr [esp + 0x2c],call 0x0,"add edi, 1","add esp, 0x10","cmp esi, edi",jne 0x478,"add esp, 0xc",pop ebx,pop esi,pop edi,pop ebp,ret ,,,,,,,,,,,,,,,,,,,,,,,,,,,,,,,,,,,,,,,,,,,,,,,,,,,,,,,,,,,,,,,,,,,,,,,,,,,,,,,,,,,,,,,,,,
55,55,55,infileELF/test_int_32bit,main,"lea ecx, [esp + 4]","and esp, 0xfffffff0",push dword ptr [ecx - 4],push ebp,"mov ebp, esp",push edi,push esi,push ebx,push ecx,"sub esp, 0xb8",call 0x0,"add ebx, 0x1a3b","mov eax, dword ptr gs:[0x14]","mov dword ptr [ebp - 0x1c], eax","xor eax, eax","lea eax, [ebp - 0xbc]","lea edx, [ebx - 0x18d4]","mov ecx, 0x28","mov edi, eax","mov esi, edx","rep movsd dword ptr es:[edi], dword ptr [esi]","mov dword ptr [ebp - 0xc0], 0",jmp 0x4b7,"mov eax, dword ptr [ebp - 0xc0]","mov eax, dword ptr [ebp + eax*4 - 0xbc]","sub esp, 8",push eax,"lea eax, [ebx - 0x18f4]",push eax,call 0x0,"add esp, 0x10","add dword ptr [ebp - 0xc0], 1","cmp dword ptr [ebp - 0xc0], 0x27",jle 0x490,"mov eax, 0","mov edx, dword ptr [ebp - 0x1c]","xor edx, dword ptr gs:[0x14]",je 0x4d6,call 0x0,"lea esp, [ebp - 0x10]",pop ecx,pop ebx,pop esi,pop edi,pop ebp,"lea esp, [ecx - 4]",ret ,,,,,,,,,,,,,,,,,,,,,,,,,,,,,,,,,,,,,,,,,,,,,,,,,,,,,,,,,,,,,,,,,,,,,,,,,,,
56,56,56,infileELF/test_int_32bit,__stack_chk_fail_local,push ebx,call 0x0,"add ebx, 0x193e","sub esp, 8",call 0x0,,,,,,,,,,,,,,,,,,,,,,,,,,,,,,,,,,,,,,,,,,,,,,,,,,,,,,,,,,,,,,,,,,,,,,,,,,,,,,,,,,,,,,,,,,,,,,,,,,,,,,,,,,,,,,,,,,,,,
57,57,57,infileELF/va_array,my_calc,push rbp,"mov rbp, rsp","sub rsp, 0xf0","mov dword ptr [rbp - 0xe4], edi","mov qword ptr [rbp - 0xa8], rsi","mov qword ptr [rbp - 0xa0], rdx","mov qword ptr [rbp - 0x98], rcx","mov qword ptr [rbp - 0x90], r8","mov qword ptr [rbp - 0x88], r9","test al, al",je 0x4004f8,"movaps xmmword ptr [rbp - 0x80], xmm0","movaps xmmword ptr [rbp - 0x70], xmm1","movaps xmmword ptr [rbp - 0x60], xmm2","movaps xmmword ptr [rbp - 0x50], xmm3","movaps xmmword ptr [rbp - 0x40], xmm4","movaps xmmword ptr [rbp - 0x30], xmm5","movaps xmmword ptr [rbp - 0x20], xmm6","movaps xmmword ptr [rbp - 0x10], xmm7","mov rax, qword ptr fs:[0x28]","mov qword ptr [rbp - 0xb8], rax","xor eax, eax","mov dword ptr [rbp - 0xd4], 0","mov dword ptr [rbp - 0xd0], 8","mov dword ptr [rbp - 0xcc], 0x30","lea rax, [rbp + 0x10]","mov qword ptr [rbp - 0xc8], rax","lea rax, [rbp - 0xb0]","mov qword ptr [rbp - 0xc0], rax","mov eax, dword ptr [rbp - 0xe4]","mov esi, eax","mov edi, 0x400a1d","mov eax, 0",call 0x0,"mov eax, dword ptr [rbp - 0xd0]","cmp eax, 0x30",jae 0x400586,"mov rax, qword ptr [rbp - 0xc0]","mov edx, dword ptr [rbp - 0xd0]","mov edx, edx","add rax, rdx","mov edx, dword ptr [rbp - 0xd0]","add edx, 8","mov dword ptr [rbp - 0xd0], edx",jmp 0x400598,"mov rax, qword ptr [rbp - 0xc8]","lea rdx, [rax + 8]","mov qword ptr [rbp - 0xc8], rdx","mov eax, dword ptr [rax]","mov dword ptr [rbp - 0xd4], eax","mov eax, dword ptr [rbp - 0xd4]","mov esi, eax","mov edi, 0x400a38","mov eax, 0",call 0x0,"mov eax, dword ptr [rbp - 0xd0]","cmp eax, 0x30",jae 0x4005e5,"mov rax, qword ptr [rbp - 0xc0]","mov edx, dword ptr [rbp - 0xd0]","mov edx, edx","add rax, rdx","mov edx, dword ptr [rbp - 0xd0]","add edx, 8","mov dword ptr [rbp - 0xd0], edx",jmp 0x4005f7,"mov rax, qword ptr [rbp - 0xc8]","lea rdx, [rax + 8]","mov qword ptr [rbp - 0xc8], rdx","mov eax, dword ptr [rax]","mov dword ptr [rbp - 0xd4], eax","mov eax, dword ptr [rbp - 0xd4]","mov esi, eax","mov edi, 0x400a38","mov eax, 0",call 0x0,"mov eax, dword ptr [rbp - 0xd0]","cmp eax, 0x30",jae 0x400644,"mov rax, qword ptr [rbp - 0xc0]","mov edx, dword ptr [rbp - 0xd0]","mov edx, edx","add rax, rdx","mov edx, dword ptr [rbp - 0xd0]","add edx, 8","mov dword ptr [rbp - 0xd0], edx",jmp 0x400656,"mov rax, qword ptr [rbp - 0xc8]","lea rdx, [rax + 8]","mov qword ptr [rbp - 0xc8], rdx","mov eax, dword ptr [rax]","mov dword ptr [rbp - 0xd4], eax","mov eax, dword ptr [rbp - 0xd4]","mov esi, eax","mov edi, 0x400a38","mov eax, 0",call 0x0,"mov eax, 0","mov rcx, qword ptr [rbp - 0xb8]","xor rcx, qword ptr fs:[0x28]",je 0x400691,call 0x0,leave ,ret ,,,,,,,,,,,,,,,,,,
58,58,58,infileELF/va_array,sum,push rbp,"mov rbp, rsp","sub rsp, 0xf0","mov dword ptr [rbp - 0xe4], edi","mov qword ptr [rbp - 0xa8], rsi","mov qword ptr [rbp - 0xa0], rdx","mov qword ptr [rbp - 0x98], rcx","mov qword ptr [rbp - 0x90], r8","mov qword ptr [rbp - 0x88], r9","test al, al",je 0x4004f8,"movaps xmmword ptr [rbp - 0x80], xmm0","movaps xmmword ptr [rbp - 0x70], xmm1","movaps xmmword ptr [rbp - 0x60], xmm2","movaps xmmword ptr [rbp - 0x50], xmm3","movaps xmmword ptr [rbp - 0x40], xmm4","movaps xmmword ptr [rbp - 0x30], xmm5","movaps xmmword ptr [rbp - 0x20], xmm6","movaps xmmword ptr [rbp - 0x10], xmm7","mov rax, qword ptr fs:[0x28]","mov qword ptr [rbp - 0xb8], rax","xor eax, eax","mov dword ptr [rbp - 0xd8], 0","mov dword ptr [rbp - 0xd0], 8","mov dword ptr [rbp - 0xcc], 0x30","lea rax, [rbp + 0x10]","mov qword ptr [rbp - 0xc8], rax","lea rax, [rbp - 0xb0]","mov qword ptr [rbp - 0xc0], rax","mov dword ptr [rbp - 0xd4], 0",jmp 0x40059c,"mov eax, dword ptr [rbp - 0xd0]","cmp eax, 0x30",jae 0x40057b,"mov rax, qword ptr [rbp - 0xc0]","mov edx, dword ptr [rbp - 0xd0]","mov edx, edx","add rax, rdx","mov edx, dword ptr [rbp - 0xd0]","add edx, 8","mov dword ptr [rbp - 0xd0], edx",jmp 0x40058d,"mov rax, qword ptr [rbp - 0xc8]","lea rdx, [rax + 8]","mov qword ptr [rbp - 0xc8], rdx","mov eax, dword ptr [rax]","add dword ptr [rbp - 0xd8], eax","add dword ptr [rbp - 0xd4], 1","mov eax, dword ptr [rbp - 0xd4]","cmp eax, dword ptr [rbp - 0xe4]",jl 0x40054d,"mov eax, dword ptr [rbp - 0xd8]","mov rcx, qword ptr [rbp - 0xb8]","xor rcx, qword ptr fs:[0x28]",je 0x4005c7,call 0x0,leave ,ret ,,,,,,,,,,,,,,,,,,,,,,,,,,,,,,,,,,,,,,,,,,,,,,,,,,,,,,,,,,,,,,,,
59,59,59,infileELF/va_array,__libc_csu_init,push r15,push r14,"mov r15d, edi",push r13,push r12,"lea r12, [rip + 0x20049e]",push rbp,"lea rbp, [rip + 0x20049e]",push rbx,"mov r14, rsi","mov r13, rdx","sub rbp, r12","sub rsp, 8","sar rbp, 3",call 0x0,"test rbp, rbp",je 0x4004f6,"xor ebx, ebx",nop dword ptr [rax + rax],"mov rdx, r13","mov rsi, r14","mov edi, r15d",call 0x0,"add rbx, 1","cmp rbx, rbp",jne 0x4004e0,"add rsp, 8",pop rbx,pop rbp,pop r12,pop r13,pop r14,pop r15,ret ,,,,,,,,,,,,,,,,,,,,,,,,,,,,,,,,,,,,,,,,,,,,,,,,,,,,,,,,,,,,,,,,,,,,,,,,,,,,,,,,,,,,,,,,
60,60,60,infileELF/va_array,_start,"xor ebp, ebp","mov r9, rdx",pop rsi,"mov rdx, rsp","and rsp, 0xfffffffffffffff0",push rax,push rsp,"mov r8, 0x4009d0","mov rcx, 0x400960","mov rdi, 0x400596",call 0x0,hlt ,,,,,,,,,,,,,,,,,,,,,,,,,,,,,,,,,,,,,,,,,,,,,,,,,,,,,,,,,,,,,,,,,,,,,,,,,,,,,,,,,,,,,,,,,,,,,,,,,,,,,,,,,,,,,,
61,61,61,infileELF/va_array,main,push rbp,"mov rbp, rsp","mov ecx, 0x1e","mov edx, 0x14","mov esi, 0xa","mov edi, 3","mov eax, 0",call 0x0,"mov esi, eax","mov edi, 0x4009e4","mov eax, 0",call 0x0,"mov r8d, 0x1e","mov ecx, 0x19","mov edx, 0x14","mov esi, 4","mov edi, 4","mov eax, 0",call 0x0,"mov esi, eax","mov edi, 0x4009ff","mov eax, 0",call 0x0,"sub rsp, 8",push 9,push 8,push 7,"mov r9d, 6","mov r8d, 5","mov ecx, 4","mov edx, 3","mov esi, 2","mov edi, 8","mov eax, 0",call 0x0,"add rsp, 0x20","mov eax, 0",leave ,ret ,,,,,,,,,,,,,,,,,,,,,,,,,,,,,,,,,,,,,,,,,,,,,,,,,,,,,,,,,,,,,,,,,,,,,,,,,,,,,,,,,,,
